﻿<parameters>
  <parameter name="IIS Web Application Name" defaultValue="Default Web Site/WebApplication0306-2_deploy" tags="IisApp">
    <parameterEntry kind="ProviderPath" scope="IisApp" match="^C:\\Users\\jh7b\\documents\\visual\ studio\ 2013\\Projects\\WebApplication0306-2\\WebApplication0306-2\\obj\\Release\\Package\\PackageTmp$" />
    <parameterEntry kind="ProviderPath" scope="setAcl" match="^C:\\Users\\jh7b\\documents\\visual\ studio\ 2013\\Projects\\WebApplication0306-2\\WebApplication0306-2\\obj\\Release\\Package\\PackageTmp$" />
  </parameter>
  <parameter name="DefaultConnection-Web.config Connection String" defaultValue="Data Source=(LocalDb)\v11.0;AttachDbFilename=|DataDirectory|\aspnet-MvcMovie-20130603030321.mdf;Initial Catalog=aspnet-MvcMovie-20130603030321;Integrated Security=True">
    <parameterEntry kind="XmlFile" scope="C:\\Users\\jh7b\\documents\\visual\ studio\ 2013\\Projects\\WebApplication0306-2\\WebApplication0306-2\\obj\\Release\\Package\\PackageTmp\\Web\.config$" match="/configuration/connectionStrings/add[@name='DefaultConnection']/@connectionString" />
  </parameter>
  <parameter name="MovieDBContext-Web.config Connection String" defaultValue="Data Source=(LocalDB)\v11.0;AttachDbFilename=|DataDirectory|\Movies.mdf;Integrated Security=True">
    <parameterEntry kind="XmlFile" scope="C:\\Users\\jh7b\\documents\\visual\ studio\ 2013\\Projects\\WebApplication0306-2\\WebApplication0306-2\\obj\\Release\\Package\\PackageTmp\\Web\.config$" match="/configuration/connectionStrings/add[@name='MovieDBContext']/@connectionString" />
  </parameter>
</parameters>